col1,col2,col3,col4,col5,col6,col7,col8,col9,col10,col11,col12,col13,col14,col15,col16,col17,col18,col19,col20,col21,col22,col23,col24,col25,col26,col27,col28,col29,col30,col31,col32,col33,col34,col35,col36,col37,col38,col39,col40,col41,col42,col43,col44,col45,col46,col47,col48,col49,col50,col51,col52,col53,col54,col55,col56,col57,col58,col59,col60,col61,col62,col63,col64,col65
KAZAKHSTAN: League Women,2026.06.23 10:00,Kyzylzhar W,Shakhter Karagandy W,61WTi9Cs,",",2-0,0.129740913692755,1-0,0.127735541720799,1,0.5 OV,",0.511607142857143,0.162797619047619,0.325595238095238,0.5 OV,0.937119416865888,",",1.03,11,27,1,1.01,5.8,",",1.17,4.5,",",",",1.1,9,11,1.01,1.01,5.8,",",1.1,6.5,",",",",7,7,2-0,0.129740913692755,1-0,0.127735541720799,1,0.5 OV,",0.511607142857143,0.162797619047619,0.325595238095238,0.5 OV,0.937119416865888,0.5 OV,0.937119416865888
CHINA: League Two,2026.06.23 11:00,Changchun Xidu,Lanzhou Longyuan,dAVw3ubl,",",0-1,0.24463086266882,0-0,0.222970838370019,2,",",0.202380952380952,0.476190476190476,0.321428571428571,RISKY,0.777029161629981,",",3.74,2.65,2.19,1.54,1.36,1.19,1.61,2.15,2.78,1.34,5.45,1.08,2.29,1.53,4.07,2.44,2.24,1.52,1.43,1.17,1.66,2.07,2.92,1.31,5.65,1.08,2.36,1.5,12,11,0-1,0.24463086266882,0-0,0.222970838370019,2,",",0.202380952380952,0.476190476190476,0.321428571428571,RISKY,0.777029161629981,0.5 OV,0.777029161629981
CHINA: League Two,2026.06.23 11:00,Qingdao Red Lions,Dalian Kewei,Ic5bN9q3,",",0-1,0.135701599650917,1-1,0.130693564425705,X2,0.5 OV,",0.213690476190476,0.61577380952381,0.170535714285714,0.5 OV,0.894380964830419,",",3.81,2.85,2.05,1.62,1.32,1.19,1.5,2.38,2.49,1.42,4.85,1.11,2.13,1.61,4.01,2.68,2.09,1.59,1.36,1.17,1.44,2.55,2.3,1.49,4.2,1.16,1.99,1.71,12,11,0-1,0.135701599650917,1-1,0.130693564425705,X2,0.5 OV,",0.213690476190476,0.61577380952381,0.170535714285714,0.5 OV,0.894380964830419,0.5 OV,0.894380964830419
CHINA: League Two,2026.06.23 11:00,Shanghai Second,Dalian Yingbo B,69bDa6id,",",0-0,0.478972971013017,1-0,0.189593467692653,X,",",0.190277777777778,0.625,0.184722222222222,1.5 UN,0.521027028986983,",",2.82,2.88,2.43,1.43,1.31,1.32,1.46,2.38,2.46,1.47,4.65,1.13,2.03,1.67,2.78,2.88,2.47,1.42,1.31,1.33,1.44,2.43,2.41,1.49,4.5,1.13,2.01,1.69,12,12,0-0,0.478972971013017,1-0,0.189593467692653,X,",",0.190277777777778,0.625,0.184722222222222,1.5 UN,0.521027028986983,0.5 OV,0.521027028986983
CHINA: League Two,2026.06.23 11:00,Xiamen Feilu,Hubei Istar,jB36LmEF,",",0-0,0.248262349574817,1-0,0.173465359638814,X,",",0.376923076923077,0.417948717948718,0.205128205128205,RISKY,0.751737650425183,",",1.89,3.1,4.5,1.16,1.32,1.83,1.37,2.8,2.2,1.6,3.8,1.21,2.03,1.72,1.89,3.04,4.14,1.16,1.28,1.74,1.33,2.81,2.1,1.64,3.58,1.21,1.91,1.77,12,12,0-0,0.248262349574817,1-0,0.173465359638814,X,",",0.376923076923077,0.417948717948718,0.205128205128205,RISKY,0.751737650425183,0.5 OV,0.751737650425183
AUSTRALIA: NPL Queensland,2026.06.23 12:30,Gold Coast Knights,Eastern Suburbs,UBAyrsjT,",",0-1,0.205348758854355,0-0,0.200340252540834,X2,",",0.268452380952381,0.348511904761905,0.383035714285714,RISKY,0.799659747459166,",",2.02,3.9,3.11,1.32,1.21,1.72,1.07,6.6,1.34,2.9,1.85,1.85,1.37,2.93,2,3.58,3.11,1.28,1.21,1.65,1.07,5.75,1.36,2.7,1.94,1.75,1.35,2.86,12,14,0-1,0.205348758854355,0-0,0.200340252540834,X2,",",0.268452380952381,0.348511904761905,0.383035714285714,RISKY,0.799659747459166,0.5 OV,0.799659747459166
AUSTRALIA: Queensland Premier League,2026.06.23 12:30,Robina City,Capalaba,p4rQoRdT,",",0-0,0.394765135057285,1-0,0.350001588492753,1,",",0.463988095238095,0.38422619047619,0.151785714285714,1.5 UN,0.605234864942716,",",1.38,5.3,6.22,1.09,1.12,2.85,1.05,8,1.27,3.4,1.7,2.03,1.42,2.69,1.23,6.3,7.65,1.02,1.05,3.42,1.08,7,1.27,3.14,1.78,1.91,1.62,2.12,14,14,0-0,0.394765135057285,1-0,0.350001588492753,1,",",0.463988095238095,0.38422619047619,0.151785714285714,1.5 UN,0.605234864942716,0.5 OV,0.605234864942716
AUSTRALIA: NPL Northern NSW,2026.06.23 13:00,Edgeworth E.,Lambton J.,S2OxKcU1,",",0-1,0.160980742699365,1-1,0.123955171878511,X2,0.5 OV,",0.258333333333333,0.383333333333333,0.358333333333333,0.5 OV,0.882899439539763,",",2.4,4,2.4,1.51,1.2,1.51,1.1,5.5,1.43,2.65,2.07,1.67,1.43,2.72,2.75,3.72,2.13,1.57,1.19,1.35,1.08,5.65,1.37,2.66,2.01,1.7,1.36,2.82,14,15,0-1,0.160980742699365,1-1,0.123955171878511,X2,0.5 OV,",0.258333333333333,0.383333333333333,0.358333333333333,0.5 OV,0.882899439539763,0.5 OV,0.882899439539763
AUSTRALIA: Queensland Premier League,2026.06.23 13:30,Logan Lightning,Holland Park Hawks,jPBL5Lm2,",",0-0,0.233919608100806,1-0,0.17219082262976,X,",",0.279464285714286,0.457738095238095,0.262797619047619,RISKY,0.766080391899194,",",2.12,3.9,2.87,1.37,1.21,1.65,1.05,8,1.32,3,1.8,1.9,1.35,3.05,1.96,3.84,3.03,1.29,1.18,1.68,1.08,6.5,1.33,2.83,1.9,1.79,1.33,2.94,13,14,0-0,0.233919608100806,1-0,0.17219082262976,X,",",0.279464285714286,0.457738095238095,0.262797619047619,RISKY,0.766080391899194,0.5 OV,0.766080391899194
AUSTRALIA: NPL Queensland Women,2026.06.23 13:30,Capalaba W,Queensland Lions W,tdUUsRyH,",",0-0,0.304982768711059,0-1,0.285921345666618,2,",",0.195833333333333,0.383333333333333,0.420833333333333,RISKY,0.695017231288941,",",12.2,6.2,1.18,4.45,1.04,1.03,1.07,7,1.42,2.65,2.06,1.68,",",12,8.3,1.1,4.9,1.01,1.02,1.08,6.5,1.33,2.83,1.88,1.81,",",17,17,0-0,0.304982768711059,0-1,0.285921345666618,2,",",0.195833333333333,0.383333333333333,0.420833333333333,RISKY,0.695017231288941,0.5 OV,0.695017231288941
RUSSIA: FNL 2 - Division B - Group 2,2026.06.23 14:00,Zvezda St. Peterburg,Spartak Moscow 2,pdVxjOpR,",",0-0,0.4329113864206,1-0,0.251810123101316,1X,",",0.475,0.341666666666667,0.183333333333333,1.5 UN,0.5670886135794,",",2.79,3.5,2.24,1.59,1.26,1.39,1.2,3.9,1.65,2.1,2.6,1.43,1.62,2.27,2.61,3.48,2.26,1.5,1.22,1.38,1.17,4,1.63,2.12,2.52,1.41,1.52,2.32,11,12,0-0,0.4329113864206,1-0,0.251810123101316,1X,",",0.475,0.341666666666667,0.183333333333333,1.5 UN,0.5670886135794,0.5 OV,0.5670886135794
CHINA: League Two,2026.06.23 14:30,Guangdong Mingtu,Guizhou Guiyang,xlXgaccD,",",1-0,0.252839062155068,0-0,0.234886985412804,1,",",0.248809523809524,0.626190476190476,0.125,RISKY,0.765113014587196,",",5.16,3.16,1.69,1.95,1.26,1.09,1.36,2.7,2.19,1.59,3.9,1.18,2.06,1.65,4.86,3.08,1.75,1.88,1.27,1.11,1.36,2.7,2.17,1.6,3.84,1.18,2.01,1.69,12,12,1-0,0.252839062155068,0-0,0.234886985412804,1,",",0.248809523809524,0.626190476190476,0.125,RISKY,0.765113014587196,0.5 OV,0.765113014587196
CHINA: League Two,2026.06.23 14:30,Nantong Haimen,Shanghai Port B,4zZo1JS0,",",0-1,0.190425376864647,0-2,0.148214418326317,2,0.5 OV,",0.245833333333333,0.297916666666667,0.45625,0.5 OV,0.877671064112646,",",2.62,2.85,2.63,1.37,1.32,1.37,1.42,2.49,2.36,1.51,4.3,1.15,1.96,1.73,2.24,3.1,3.02,1.3,1.27,1.52,1.35,2.74,2.14,1.62,3.8,1.19,1.85,1.82,12,12,0-1,0.190425376864647,0-2,0.148214418326317,2,0.5 OV,",0.245833333333333,0.297916666666667,0.45625,0.5 OV,0.877671064112646,0.5 OV,0.877671064112646
KYRGYZSTAN: Premier Liga,2026.06.23 17:30,Alga,Bars,UctP4X1e,",",2-1,9.07216741277065E-02,3-1,0.07412536786863,1,0.5 OV,1.5 OV,0.285019841269841,0.458730158730159,0.25625,0.5 OV,0.977558096973601,",",",",",",",",",",",",",",",",",",",",",",",",",",",",",",12,10,2-1,9.07216741277065E-02,3-1,0.07412536786863,1,0.5 OV,1.5 OV,0.285019841269841,0.458730158730159,0.25625,0.5 OV,0.977558096973601,0.5 OV,0.977558096973601
FINLAND: Veikkausliiga,2026.06.23 18:00,KuPS,Ilves,hW60BCR0,",",1-1,0.130365705931652,1-0,0.121362263413718,X,0.5 OV,",0.298511904761905,0.363095238095238,0.338392857142857,0.5 OV,0.905735142460064,",",1.74,3.8,4.11,1.14,1.2,2.33,1.18,4.1,1.6,2.15,2.43,1.45,1.7,2.04,1.64,3.95,4.93,1.15,1.22,2.22,1.16,4.15,1.68,2.14,2.57,1.4,1.67,2.08,13,12,1-1,0.130365705931652,1-0,0.121362263413718,X,0.5 OV,",0.298511904761905,0.363095238095238,0.338392857142857,0.5 OV,0.905735142460064,0.5 OV,0.905735142460064
FINLAND: Veikkausliiga,2026.06.23 18:00,Lahti,TPS,0dA89jdD,",",0-0,0.334287469768932,1-0,0.205759243793092,X,",",0.33422619047619,0.501190476190476,0.164583333333333,RISKY,0.665712530231068,",",1.96,3.35,3.68,1.18,1.25,2,1.28,3.25,1.9,1.8,3.15,1.29,1.85,1.87,1.77,3.58,4.51,1.17,1.27,2,1.24,3.38,1.89,1.89,3.05,1.29,1.78,1.93,11,11,0-0,0.334287469768932,1-0,0.205759243793092,X,",",0.33422619047619,0.501190476190476,0.164583333333333,RISKY,0.665712530231068,0.5 OV,0.665712530231068
FINLAND: Veikkausliiga,2026.06.23 18:00,VPS,AC Oulu,thmeXglK,",",2-0,0.13039994445775,3-0,0.128588834118059,1,0.5 OV,1.5 OV,0.478571428571429,0.302380952380952,0.219047619047619,0.5 OV,0.970200211066192,",",2.75,3.3,2.36,1.4,1.3,1.55,1.28,3.25,1.89,1.81,3,1.3,1.75,1.99,2.42,3.24,2.89,1.39,1.32,1.53,1.27,3.18,1.95,1.82,3.24,1.26,1.71,2.02,11,12,2-0,0.13039994445775,3-0,0.128588834118059,1,0.5 OV,1.5 OV,0.478571428571429,0.302380952380952,0.219047619047619,0.5 OV,0.970200211066192,0.5 OV,0.970200211066192
GEORGIA: Crystalbet Erovnuli Liga,2026.06.23 18:00,Iberia 1999,Meshakhte Tkibuli,dpJIrthD,",",1-0,0.28299895135727,2-0,0.209596098348978,1,0.5 OV,",0.522321428571429,0.396428571428571,0.08125,0.5 OV,0.808945855623784,",",1.34,4.2,7.95,1.07,1.18,2.9,1.22,3.8,1.73,1.95,2.8,1.36,2,1.77,1.31,4.4,9,1,1.13,2.92,1.21,3.58,1.74,1.96,2.74,1.35,2.08,1.64,18,18,1-0,0.28299895135727,2-0,0.209596098348978,1,0.5 OV,",0.522321428571429,0.396428571428571,0.08125,0.5 OV,0.808945855623784,0.5 OV,0.808945855623784
KAZAKHSTAN: League Women,2026.06.23 18:00,Zhenis Astana W,Tobol W,ERZyjmsf,",",2-0,0.137204725018222,1-0,0.131250596400272,1,0.5 OV,",0.516666666666667,0.177083333333333,0.30625,0.5 OV,0.937222573591619,",",1.04,17,34,",",",",",1.11,6,",",",",1.03,19,41,",",",",",1.13,5.5,",",",",7,7,2-0,0.137204725018222,1-0,0.131250596400272,1,0.5 OV,",0.516666666666667,0.177083333333333,0.30625,0.5 OV,0.937222573591619,0.5 OV,0.937222573591619
FINLAND: Veikkausliiga,2026.06.23 19:00,Inter Turku,SJK,hpnZPBtf,",",1-1,9.62459712298801E-02,2-1,9.12627596837617E-02,1X,0.5 OV,",0.312797619047619,0.41547619047619,0.27172619047619,0.5 OV,0.965449639739013,",",1.61,3.95,4.79,1.13,1.2,2.35,1.2,3.9,1.63,2.09,2.52,1.42,1.75,1.99,1.54,4.25,5.48,1.12,1.2,2.42,1.16,4.2,1.63,2.23,2.44,1.44,1.69,2.05,13,11,1-1,9.62459712298801E-02,2-1,9.12627596837617E-02,1X,0.5 OV,",0.312797619047619,0.41547619047619,0.27172619047619,0.5 OV,0.965449639739013,0.5 OV,0.965449639739013
FINLAND: Veikkausliiga,2026.06.23 19:00,Jaro,Gnistan,CzvRRXBs,",",1-0,0.256645672202341,0-0,0.192027046897238,1,0.5 OV,",0.509523809523809,0.254761904761905,0.235714285714286,0.5 OV,0.807972953102762,",",2.45,3.45,2.55,1.48,1.3,1.45,1.23,3.6,1.75,1.96,2.7,1.37,1.65,2.13,3.34,3.45,2.09,1.7,1.28,1.3,1.17,4.05,1.7,2.11,2.61,1.39,1.56,2.28,12,11,1-0,0.256645672202341,0-0,0.192027046897238,1,0.5 OV,",0.509523809523809,0.254761904761905,0.235714285714286,0.5 OV,0.807972953102762,0.5 OV,0.807972953102762
FINLAND: Veikkausliiga,2026.06.23 20:00,Mariehamn,HJK,QcpsOkB6,",",0-1,0.20331209240266,0-0,0.147014769829183,2,0.5 OV,",0.250595238095238,0.336309523809524,0.413095238095238,0.5 OV,0.852985230170817,",",6.89,4.6,1.39,3.2,1.14,1.07,1.16,4.4,1.51,2.31,2.26,1.54,1.85,1.87,7.46,5.2,1.35,3.08,1.14,1.07,1.12,4.8,1.46,2.39,2.27,1.61,1.73,2,11,12,0-1,0.20331209240266,0-0,0.147014769829183,2,0.5 OV,",0.250595238095238,0.336309523809524,0.413095238095238,0.5 OV,0.852985230170817,0.5 OV,0.852985230170817
GEORGIA: Crystalbet Erovnuli Liga,2026.06.23 20:00,Dinamo Tbilisi,Dinamo Batumi,xtd56qpK,",",1-1,0.128594537573516,0-1,0.109738650418307,X,0.5 OV,",0.283928571428571,0.358630952380952,0.357440476190476,0.5 OV,0.915639730620135,",",1.61,3.8,4.83,1.13,1.22,2.2,1.25,3.45,1.81,1.89,2.87,1.33,1.84,1.92,1.67,3.54,4.54,1.13,1.21,1.98,1.22,3.5,1.76,1.93,2.78,1.34,1.72,1.96,18,18,1-1,0.128594537573516,0-1,0.109738650418307,X,0.5 OV,",0.283928571428571,0.358630952380952,0.357440476190476,0.5 OV,0.915639730620135,0.5 OV,0.915639730620135
BRAZIL: Brasileiro U20,2026.06.23 21:00,Cruzeiro U20,America MG U20,8hg507vn,",",1-0,0.135116925371567,1-1,0.120479258456313,1X,0.5 OV,",0.398809523809524,0.283928571428571,0.317261904761905,0.5 OV,0.912541186700825,",",1.43,4.3,6,1.07,1.14,2.45,1.17,4.25,1.57,2.2,2.34,1.49,1.64,2.2,1.41,4.2,6.5,1.05,1.14,2.52,1.19,3.8,1.69,2.02,2.63,1.38,1.83,1.84,17,17,1-0,0.135116925371567,1-1,0.120479258456313,1X,0.5 OV,",0.398809523809524,0.283928571428571,0.317261904761905,0.5 OV,0.912541186700825,0.5 OV,0.912541186700825
BRAZIL: Brasileiro U20,2026.06.23 21:00,Gremio U20,Bahia U20,pGFmrQOH,",",0-2,0.186884380025828,0-1,0.186503760107242,2,0.5 OV,",0.15,0.482142857142857,0.367857142857143,0.5 OV,0.906938042309014,",",2.55,3.6,2.3,1.48,1.2,1.4,1.16,4.4,1.54,2.26,2.3,1.52,1.48,2.57,2.84,3.52,2.15,1.56,1.21,1.33,1.14,4.33,1.56,2.25,2.35,1.47,1.48,2.41,17,17,0-2,0.186884380025828,0-1,0.186503760107242,2,0.5 OV,",0.15,0.482142857142857,0.367857142857143,0.5 OV,0.906938042309014,0.5 OV,0.906938042309014
BRAZIL: Brasileiro U20,2026.06.23 21:00,Sao Paulo U20,Fortaleza U20,htJet4gU,",",0-0,0.273696862307877,1-0,0.250698723183396,1X,",",0.367559523809524,0.400892857142857,0.231547619047619,RISKY,0.726303137692123,",",1.51,3.85,5.6,1.08,1.17,2.25,1.21,3.8,1.69,2.04,2.59,1.4,1.72,2.07,1.53,3.85,5.32,1.09,1.17,2.23,1.2,3.72,1.73,1.97,2.78,1.34,1.77,1.9,17,17,0-0,0.273696862307877,1-0,0.250698723183396,1X,",",0.367559523809524,0.400892857142857,0.231547619047619,RISKY,0.726303137692123,0.5 OV,0.726303137692123
BRAZIL: Brasileiro U20,2026.06.23 21:00,Vitoria U20,Santos U20,WA0QmUft,",",0-0,0.210971220660309,1-0,0.181037966300389,X,",",0.229383116883117,0.560281385281385,0.210335497835498,RISKY,0.789028779339691,",",2.95,3.35,2.17,1.55,1.23,1.3,1.2,3.9,1.65,2.06,2.52,1.42,1.56,2.36,2.98,3.3,2.16,1.56,1.24,1.3,1.18,3.9,1.7,2.01,2.7,1.36,1.56,2.22,17,17,0-0,0.210971220660309,1-0,0.181037966300389,X,",",0.229383116883117,0.560281385281385,0.210335497835498,RISKY,0.789028779339691,0.5 OV,0.789028779339691
ICELAND: Besta deild Women,2026.06.23 22:15,Grindavik/Njardvik W,Vikingur Reykjavik W,GIgQvrCm,",",1-1,0.122820600738799,1-0,9.80603598712966E-02,X,0.5 OV,",0.445833333333333,0.195833333333333,0.358333333333333,0.5 OV,0.93099740118517,",",2.09,3.9,2.83,1.38,1.21,1.67,1.06,7.5,1.31,3.1,1.8,1.9,",",1.59,4.4,4.1,1.16,1.13,2.11,1.06,8,1.22,3.5,1.67,2.06,",",8,8,1-1,0.122820600738799,1-0,9.80603598712966E-02,X,0.5 OV,",0.445833333333333,0.195833333333333,0.358333333333333,0.5 OV,0.93099740118517,0.5 OV,0.93099740118517
ICELAND: Besta deild Women,2026.06.23 22:15,Hafnarfjordur W,Valur W,MFdYxMt0,",",0-0,0.241445594918088,1-0,0.212472123527917,1X,",",0.283333333333333,0.4,0.316666666666667,RISKY,0.758554405081912,",",1.29,5.1,8.4,1.04,1.13,3.3,1.07,7,1.37,2.8,1.96,1.75,",",1.5,4.2,5.07,1.1,1.14,2.27,1.14,5,1.44,2.42,2.19,1.59,",",8,8,0-0,0.241445594918088,1-0,0.212472123527917,1X,",",0.283333333333333,0.4,0.316666666666667,RISKY,0.758554405081912,0.5 OV,0.758554405081912
